{
  "macro_f1": 0.7026969774514584,
  "weighted_f1": 0.7503768424713602,
  "roc_auc_ovr": 0.8926591002839634,
  "per_class": {
    "CANDIDATE": {
      "precision": 0.5758620689655173,
      "recall": 0.4217171717171717,
      "f1-score": 0.4868804664723032,
      "support": 396.0
    },
    "CONFIRMED": {
      "precision": 0.752542372881356,
      "recall": 0.8087431693989071,
      "f1-score": 0.7796312554872695,
      "support": 549.0
    },
    "FALSE POSITIVE": {
      "precision": 0.8151016456921588,
      "recall": 0.8698347107438017,
      "f1-score": 0.8415792103948025,
      "support": 968.0
    }
  }
}